1338,"1240035193","001"," Џгн—«  Ббн” —«е","”«“г«д Ќгб ж дёб","Ббн” —«е",23,"",""
1339,"1240035306","002","‘—Ш  Ё—нж— ”«“е ¬— «г","«ѕ«—е —«е ж ‘е— ”«“н","гЌж— ”бЁНР«д",23,"",""
1340,"1240035193","999"," Џ«ждн  «”н”«   —ѕѕ ”гдР«д","”«“г«д Ќгб ж дёб","«—«Ш ќ еБШж",23,"",""
1341,"0990000282","001"," «”н”«   —ѕѕ ”гдР«д","«ѕ«—е Шб Ќгб ж дёб ёг","ёг",23,"",""
1342,"1240036281","001"," Џгн— ж дРеѕ«—н ”«ќ г«д «ѕ«—н","Ќгб ж дёб ж —«еѕ«—н г—Ш“н","«—«Ш ”е —«ен ќгнд",23,"",""
1343,"1240036320","001","«нгд ”«“н гѕ«—”","«ѕ«—е Шб —«еѕ«—н ж Ќгб ж дёб","«” «д г—Ш“н",23,"",""
1344,"1240036276","001","ќ—нѕ ж д’»  «»бж ќѕг«  —Ё«ен","«ѕ«—е Шб —«еѕ«—н ж Ќгб ж дёб","«—«Ш ”е  —«е ќгнд",23,"",""
1345,"1240036819","001"," Џгн—«  —ж‘д«нн","—«еѕ«—н ж Ќгб ждёб","«—«Ш",23,"",""
1346,"0510005420","001","—ж‘д«нн Ббн” —«е ѕбнћ«д","—«еѕ«—н ж Ќгб ж дёб","ѕбнћ«д",23,"",""
1347,"1240036875","001"," Џгн—«  ”«ќ г«д «ѕ«—е Шб","«ѕ«—е Шб —«еѕ«—н","«—«Ш ”е —«е ќгнд",23,"",""
1348,"1240037125","001","‘—Ш  Ё—нж— ”«“е ¬— «г _Бб г«бШ","«ѕ«—е Шб —«еѕ«—н ж Ќгб ж дёб","ћ«ѕе «—«Ш ”бЁНР«д Бб г«бШ ¬»«ѕ",23,"",""
1349,"0520022904","001","Ё—нж—”«“е —«еѕ«—ќ«де ёнЎ«дне","”«“г«д —«еѕ«—н","”«же ёнЎ«дне",23,"",""
1350,"1240037475","001","»е”«“н ”«ќ г«д «ѕ«—н","—«еѕ«—н ж Ќгб дёб «” «д г—Ш“н","«—«Ш ”е —«ен ќгнд",23,"",""
1351,"0570000699","001","«нгд ”«“н гѕ«—” Ќ«‘не —«ее«","—«еѕ«—н ж Ќгб ж дёб «” «д г—Ш“","”ЎЌ «” «д г—Ш“н",23,"",""
1352,"1240037681","001","”«ќ  Ш«д«б ¬ѕг —ж","Ё—жѕР«е «—«Ш","«—«Ш Ё—жѕР«е",23,"",""
1353,"1240037617","001","”«дн«— ’дЏ  »«—г«д —ж‘д«нн","—«еѕ«—н «” «д г—Ш“н","”ЎЌ «” «д",23,"",""
1354,"1240037858","001","—ж‘д«нн дё«Ў Б— Ќ«ѕЋе","—«еѕ«—н ж Ќгб ж дёб «” «д г—Ш“","”ЎЌ «” «д",23,"",""
1355,"0500006029","001"," Џгн—  Ёдн ж Ќ—Ёе «н гЌб« ","Ёдн ж Ќ—Ёе «н «” «д","гЌб« ",23,"",""
1356,"1240038239","001","Ёд” Ш‘н гЌнЎ “н” ","гЌнЎ “н”  «” «д г—Ш“н"," «б«» гнё«д",23,"",""
1357,"1240038292","001"," Џгн—«  ”«ќ г«д «ѕ«—н 97","—«еѕ«—н ж Ќгб ж дёб","”е —«ен ќгнд",23,"",""
1358,"0500005956","001","—ж‘д«н ѕбнћ«д гЌб« ","—«еѕ«—н ж Ќгб ж дёб г—Ш“н","ѕбнћ«д",23,"",""
1359,"1240038360","001"," Џгн—«  —ж‘д«нн 97","—«еѕ«—н  «” «д г—Ш“н","«—«Ш",23,"",""
1360,"0740010071","001"," Џгн— ж  ж”Џе —«еѕ«—ќ«де","—«еѕ«—н г—Ш“н","ќгнд",23,"",""
1361,"9004090036","001","«нгд ”«“н гѕ«—” 97","«ѕ«—е Шб —«еѕ«—н ж Ќгб ж дёб","«—«Ш ”е —«ен ќгнд",23,"",""
1362,"9054101390","002"," Џгн—«  —ж‘д«нн «","«ѕ«—е Шб —«еѕ«—н ж Ќгб ж дёб","«—«Ш ”е —«ен ќгнд",23,"",""
1363,"9054101390","001"," Џгн— ”«ќ г«д ё«джд  —ѕѕ","«ѕ«—е Шб —«еѕ«—н","”е —«ен ќгнд",23,"",""
1364,"9054101390","004"," Џгн—«  ”«ќ г«д ‘е—”«“н","—«е ж ‘е—”«“н «” «д г—Ш“н","”ЎЌ «” «д",23,"",""
1365,"9004090036","002","—«еѕ«—н “г” «дн 97","—«еѕ«—н «” «д г—Ш“н","«—«Ш ”е —ен ќгнд",23,"",""
1366,"9054101391","005"," Шгнб ”«ќ г«д —«еѕ«—«н Ё—генд","—«еѕ«—н ж Ќгб ж дёб","Ё—генд",23,"",""
1367,"9054101390","006"," Шгнб —ж‘д«нн гЌж— Ё—генд","—«еѕ«—н ж Ќгб ж дёб","«—«Ш",23,"",""
1368,"9054101390","005","”«ќ г«д —«еѕ«—н Ё—генд","—«еѕ«—н","Ё—генд",23,"",""
1369,"9054101390","007","”«ќ г«д —«еѕ«—н Ё—генд 2","—«еѕ«—н ж Ќгб ж дёб","Ё—генд",23,,
1370,"9005112071","001","¬ н ”«“ ’дЏ  »еѕ«ѕ","Ёдн ж Ќ—Ёе «н ќгнд","ќгнд",23,,
1371,"9054101390","008"," Џгн— —ж‘д«нн гЏ«»— ‘е—Ш ’дЏ н","‘—Ш  ‘е—Ше«","ќгнд ‘е—Ш ’дЏ н ‘енѕ ”Џнѕн",23,,
1372,"9005112295","001","«нгд  ж«д Ё—д«Ш","‘е—Ш е«н ’дЏ н","‘«“дѕ",23,,
1373,"9004090036","005","«нгд ”«“н гѕ«—”98","—«еѕ«—н «” «д г—Ш“н","«—«Ш",23,,
